<?xml version="1.0" encoding="UTF-8"?>
<metadata xml:lang="en"><Esri><CreaDate>20140222</CreaDate><CreaTime>22142200</CreaTime><ArcGISFormat>1.0</ArcGISFormat><SyncOnce>TRUE</SyncOnce><DataProperties><itemProps><itemLocation><linkage Sync="TRUE">file://\\vmware-host\Shared Folders\ericpgreen On My Mac\Dropbox\Repositories\github\WINGS\input\spatial\shapefiles\osm\new nd2\roads</linkage><protocol Sync="TRUE">Local Area Network</protocol></itemLocation></itemProps><copyHistory><copy source="Z:\ericpgreen On My Mac\Dropbox\Repositories\github\WINGS\input\spatial\shapefiles\osm\new nd\roads" dest="\\vmware-host\Shared Folders\ericpgreen On My Mac\Dropbox\Repositories\github\WINGS\input\spatial\shapefiles\osm\new nd2\roads" date="20140222" time="22142200"></copy></copyHistory></DataProperties></Esri></metadata>
